{"RuleTriggered": 10, "Violations": 10, "Details": {"algo-1": {"cpu": {"p25": 11.78, "p50": 12.745, "p75": 14.925, "p95": 41.969500000000004, "upper": 19.642500000000002, "lower": 7.062499999999997}, "gpu0": {"p25": 0.0, "p50": 0.0, "p75": 0.0, "p95": 15.0, "upper": 0.0, "lower": 0.0}, "gpu0_memory": {"p25": 0.0, "p50": 0.0, "p75": 0.0, "p95": 0.0, "upper": 0.0, "lower": 0.0}}, "last_timestamp": 1673046960000000}, "Datapoints": 2085, "RuleParameters": "cpu_threshold_p95:70\ngpu_threshold_p95:70\ngpu_memory_threshold_p95:70\npatience:1000\nwindow:500"}