{"RuleTriggered": 0, "Violations": 0, "Details": {"pin_memory": false, "num_workers": 0, "cores": 8, "dataloaders": 1, "dataloading_time": {"p25": 4.24018125, "p50": 4.2611535, "p95": 4.306316600000001, "probs": [1, 0, 0, 0, 0, 0, 0, 0, 0, 0, 0, 0, 0, 0, 0, 0, 0, 0, 0, 0, 0, 0, 0, 0, 0, 0, 0, 0, 0, 0, 0, 0, 0, 0, 0, 0, 0, 0, 0, 0, 0, 0, 0, 0, 0, 0, 0, 0, 0, 0, 0, 0, 0, 0, 0, 0, 0, 0, 0, 0, 0, 0, 0, 0, 0, 0, 0, 0, 0, 0, 0, 0, 0, 0, 0, 0, 0, 0, 0, 0, 0, 0, 0, 0, 0, 0, 0, 0, 0, 0, 0, 0, 0, 0, 0, 3, 1, 3, 1, 1], "binedges": [2.349708, 2.36945, 2.389192, 2.4089340000000004, 2.4286760000000003, 2.448418, 2.46816, 2.487902, 2.507644, 2.5273860000000004, 2.5471280000000003, 2.56687, 2.586612, 2.606354, 2.626096, 2.6458380000000004, 2.6655800000000003, 2.685322, 2.705064, 2.724806, 2.744548, 2.7642900000000004, 2.7840320000000003, 2.803774, 2.823516, 2.843258, 2.8630000000000004, 2.8827420000000004, 2.9024840000000003, 2.922226, 2.941968, 2.96171, 2.981452, 3.0011940000000004, 3.0209360000000003, 3.040678, 3.06042, 3.080162, 3.0999040000000004, 3.1196460000000004, 3.1393880000000003, 3.15913, 3.178872, 3.198614, 3.218356, 3.2380980000000004, 3.2578400000000003, 3.277582, 3.297324, 3.3170660000000005, 3.3368080000000004, 3.3565500000000004, 3.3762920000000003, 3.396034, 3.415776, 3.435518, 3.45526, 3.4750020000000004, 3.4947440000000003, 3.514486, 3.5342280000000006, 3.5539700000000005, 3.5737120000000004, 3.5934540000000004, 3.6131960000000003, 3.6329380000000002, 3.65268, 3.672422, 3.692164, 3.7119060000000004, 3.7316480000000003, 3.7513900000000002, 3.7711320000000006, 3.7908740000000005, 3.8106160000000004, 3.8303580000000004, 3.8501000000000003, 3.8698420000000002, 3.889584, 3.909326, 3.9290680000000004, 3.9488100000000004, 3.9685520000000003, 3.9882940000000007, 4.008036000000001, 4.0277780000000005, 4.0475200000000005, 4.067262, 4.087004, 4.106746, 4.126488, 4.14623, 4.165972, 4.185714000000001, 4.205456, 4.225198000000001, 4.244940000000001, 4.2646820000000005, 4.2844240000000005, 4.304166, 4.323908]}}, "Datapoints": 10, "RuleParameters": "min_threshold:70\nmax_threshold:200"}