{"RuleTriggered": 0, "Violations": 116, "Details": {"low_gpu_utilization": 1975, "bottlenecks": {"1673047000.001287": {"GPUs": 1, "CPUs": 1}, "1673047024.501223": {"GPUs": 1, "CPUs": 1}, "1673047025.00122": {"GPUs": 1, "CPUs": 1}, "1673047025.501248": {"GPUs": 1, "CPUs": 1}, "1673047026.50124": {"GPUs": 1, "CPUs": 1}, "1673047027.001207": {"GPUs": 1, "CPUs": 1}, "1673047029.001268": {"GPUs": 1, "CPUs": 1}, "1673047030.001223": {"GPUs": 1, "CPUs": 2}, "1673047030.501267": {"GPUs": 1, "CPUs": 1}, "1673047031.001198": {"GPUs": 1, "CPUs": 1}, "1673047031.501211": {"GPUs": 1, "CPUs": 1}, "1673047032.001242": {"GPUs": 1, "CPUs": 1}, "1673047032.501247": {"GPUs": 1, "CPUs": 1}, "1673047034.001258": {"GPUs": 1, "CPUs": 1}, "1673047034.501267": {"GPUs": 1, "CPUs": 1}, "1673047036.001217": {"GPUs": 1, "CPUs": 1}, "1673047036.501242": {"GPUs": 1, "CPUs": 1}, "1673047037.001207": {"GPUs": 1, "CPUs": 1}, "1673047037.50121": {"GPUs": 1, "CPUs": 1}, "1673047038.001213": {"GPUs": 1, "CPUs": 1}, "1673047038.501209": {"GPUs": 1, "CPUs": 1}, "1673047039.00122": {"GPUs": 1, "CPUs": 1}, "1673047040.001249": {"GPUs": 1, "CPUs": 1}, "1673047040.501215": {"GPUs": 1, "CPUs": 1}, "1673047042.001179": {"GPUs": 1, "CPUs": 1}, "1673047042.501233": {"GPUs": 1, "CPUs": 1}, "1673047043.001288": {"GPUs": 1, "CPUs": 1}, "1673047043.501197": {"GPUs": 1, "CPUs": 1}, "1673047044.001236": {"GPUs": 1, "CPUs": 1}, "1673047045.001216": {"GPUs": 1, "CPUs": 1}, "1673047045.501303": {"GPUs": 1, "CPUs": 1}, "1673047046.501268": {"GPUs": 1, "CPUs": 1}, "1673047047.001191": {"GPUs": 1, "CPUs": 1}, "1673047053.0012": {"GPUs": 1, "CPUs": 1}, "1673047053.501213": {"GPUs": 1, "CPUs": 1}, "1673047054.001217": {"GPUs": 1, "CPUs": 1}, "1673047054.501216": {"GPUs": 1, "CPUs": 1}, "1673047055.001194": {"GPUs": 1, "CPUs": 1}, "1673047055.501301": {"GPUs": 1, "CPUs": 1}, "1673047056.501239": {"GPUs": 1, "CPUs": 1}, "1673047057.00121": {"GPUs": 1, "CPUs": 1}, "1673047057.501235": {"GPUs": 1, "CPUs": 1}, "1673047058.001313": {"GPUs": 1, "CPUs": 1}, "1673047059.501207": {"GPUs": 1, "CPUs": 1}, "1673047060.001226": {"GPUs": 1, "CPUs": 1}, "1673047060.501199": {"GPUs": 1, "CPUs": 1}, "1673047061.001241": {"GPUs": 1, "CPUs": 1}, "1673047061.501216": {"GPUs": 1, "CPUs": 1}, "1673047062.001221": {"GPUs": 1, "CPUs": 1}, "1673047062.501226": {"GPUs": 1, "CPUs": 1}, "1673047102.501215": {"GPUs": 1, "CPUs": 1}, "1673047134.501246": {"GPUs": 1, "CPUs": 1}, "1673047139.001231": {"GPUs": 1, "CPUs": 1}, "1673047141.001229": {"GPUs": 1, "CPUs": 1}, "1673047141.501222": {"GPUs": 1, "CPUs": 1}, "1673047154.001235": {"GPUs": 1, "CPUs": 1}, "1673047154.50122": {"GPUs": 1, "CPUs": 1}, "1673047155.001218": {"GPUs": 1, "CPUs": 1}, "1673047155.501276": {"GPUs": 1, "CPUs": 1}, "1673047156.001243": {"GPUs": 1, "CPUs": 1}, "1673047158.001291": {"GPUs": 1, "CPUs": 1}, "1673047158.501213": {"GPUs": 1, "CPUs": 1}, "1673047159.001216": {"GPUs": 1, "CPUs": 1}, "1673047159.501179": {"GPUs": 1, "CPUs": 1}, "1673047160.001243": {"GPUs": 1, "CPUs": 1}, "1673047160.501261": {"GPUs": 1, "CPUs": 1}, "1673047161.001195": {"GPUs": 1, "CPUs": 1}, "1673047161.501252": {"GPUs": 1, "CPUs": 1}, "1673047165.002252": {"GPUs": 1, "CPUs": 1}, "1673047169.501205": {"GPUs": 1, "CPUs": 1}, "1673047172.001207": {"GPUs": 1, "CPUs": 1}, "1673047203.501237": {"GPUs": 1, "CPUs": 2}, "1673047210.501233": {"GPUs": 1, "CPUs": 1}, "1673047211.001219": {"GPUs": 1, "CPUs": 1}, "1673047211.50122": {"GPUs": 1, "CPUs": 1}, "1673047212.001179": {"GPUs": 1, "CPUs": 1}, "1673047212.501289": {"GPUs": 1, "CPUs": 1}, "1673047213.001361": {"GPUs": 1, "CPUs": 1}, "1673047213.501225": {"GPUs": 1, "CPUs": 1}, "1673047227.501307": {"GPUs": 1, "CPUs": 1}, "1673047228.501187": {"GPUs": 1, "CPUs": 1}, "1673047229.001201": {"GPUs": 1, "CPUs": 1}, "1673047229.50125": {"GPUs": 1, "CPUs": 1}, "1673047230.00131": {"GPUs": 1, "CPUs": 1}, "1673047230.501212": {"GPUs": 1, "CPUs": 1}, "1673047233.00122": {"GPUs": 1, "CPUs": 1}, "1673047233.501229": {"GPUs": 1, "CPUs": 1}, "1673047234.001238": {"GPUs": 1, "CPUs": 1}, "1673047235.501325": {"GPUs": 1, "CPUs": 1}, "1673047236.001303": {"GPUs": 1, "CPUs": 1}, "1673047236.501233": {"GPUs": 1, "CPUs": 1}, "1673047237.001179": {"GPUs": 1, "CPUs": 2}, "1673047238.001293": {"GPUs": 1, "CPUs": 1}, "1673047238.501231": {"GPUs": 1, "CPUs": 1}, "1673047239.001184": {"GPUs": 1, "CPUs": 2}, "1673047239.501232": {"GPUs": 1, "CPUs": 2}, "1673047240.001207": {"GPUs": 1, "CPUs": 1}, "1673047240.501209": {"GPUs": 1, "CPUs": 1}, "1673047246.501227": {"GPUs": 1, "CPUs": 1}, "1673047247.001215": {"GPUs": 1, "CPUs": 1}, "1673047247.501233": {"GPUs": 1, "CPUs": 1}, "1673047248.001218": {"GPUs": 1, "CPUs": 1}, "1673047248.501183": {"GPUs": 1, "CPUs": 1}, "1673047250.001306": {"GPUs": 1, "CPUs": 1}, "1673047250.501293": {"GPUs": 1, "CPUs": 1}, "1673047251.00122": {"GPUs": 1, "CPUs": 1}, "1673047251.501247": {"GPUs": 1, "CPUs": 1}, "1673047252.001257": {"GPUs": 1, "CPUs": 1}, "1673047253.001257": {"GPUs": 1, "CPUs": 1}, "1673047254.001247": {"GPUs": 1, "CPUs": 1}, "1673047255.501216": {"GPUs": 1, "CPUs": 1}, "1673047261.501218": {"GPUs": 1, "CPUs": 1}, "1673047263.001244": {"GPUs": 1, "CPUs": 1}, "1673047287.001273": {"GPUs": 1, "CPUs": 1}, "1673047297.00125": {"GPUs": 1, "CPUs": 1}, "1673047307.501211": {"GPUs": 1, "CPUs": 1}}}, "Datapoints": 2088, "RuleParameters": "threshold:50\nio_threshold:50\ngpu_threshold:10\npatience:1000"}