{"RuleTriggered": 0, "Violations": 0, "Details": {"step_num": {"first": 1673047278660700, "last": 1673048039522841}, "job_start": 1673046997.001112, "job_end": 1673048039.50153}, "Datapoints": 39, "RuleParameters": "threshold:20"}