{"RuleTriggered": 0, "Violations": 0, "Details": {"ratio": {"gpu_functions-dev:0": 50.62391908432397, "cpu_functions": 49.37608091567602}, "phase": {"Step:ModeKeys.TRAIN": 111.69000078066773, "others": -11.706372794468175, "Step:ModeKeys.EVAL": 0.01637201380044478}, "phase_time": {}, "CPU": {"aten::to": 4.1420489933585, "aten::item": 4.3620584759924075, "enumerate(DataLoader)#_SingleProcessDataLoaderIter.__next__": 80.09184672560826, "aten::lt": 5.461025802721275, "aten::eq": 5.943020002319561}, "CPU_total": {"aten::to": 2208916, "aten::item": 2326245, "enumerate(DataLoader)#_SingleProcessDataLoaderIter.__next__": 42712233, "aten::lt": 2912314, "aten::eq": 3169357}, "GPU": {"aten::conv2d": 3.6760580178716187, "aten::convolution": 3.6693847923776097, "aten::_convolution": 3.6630207943794812, "aten::cudnn_convolution": 3.6549712661965517, "aten::to": 3.4570111935226424, "aten::item": 3.7204505890030757, "enumerate(DataLoader)#_SingleProcessDataLoaderIter.__next__": 68.43448501188747, "aten::lt": 4.655618625146995, "aten::eq": 5.068999709614553}, "GPU_total": {"aten::conv2d": 2294360, "aten::convolution": 2290195, "aten::_convolution": 2286223, "aten::cudnn_convolution": 2281199, "aten::to": 2157645, "aten::item": 2322067, "enumerate(DataLoader)#_SingleProcessDataLoaderIter.__next__": 42712423, "aten::lt": 2905739, "aten::eq": 3163745}, "general": {"DataLoaderIterInitialize": 7.232219725290508e-05, "DataLoaderIter": 3.71716932601694, "Forward": 96.2827583517858}}, "Datapoints": 0, "RuleParameters": ""}